Average Microplastic,Cancer cases,Fish BalanaceSheet.Country (Name),Year,Consumption
8.496,254327.31612518404,Albania,2014,536928.72
0.2880000000000001,31974.88920220801,Albania,2015,72367.17000000001
4.464,96421.779364608,Albania,2016,230802.12
5119.8008255999985,32211.968822927985,Albania,2017,74705.4
22.656000000000002,333145.25251891196,Algeria,2014,10936718.719999999
0.768,41637.13590374399,Algeria,2015,1318295.8400000003
11.904000000000002,124540.51720780798,Algeria,2016,3810487.2
13652.8022016,41480.569436927995,Algeria,2017,1277565.8399999999
2.3040000000000003,66345.77161526399,Argentina,2013,1836928.019999999
19.296000000000003,917501.0887566721,Argentina,2014,20552199.359999996
44.928,1249903.1799115206,Argentina,2015,35262005.75999999
9177.3844081056,600162.7450924801,Argentina,2017,17306879.580000002
60.95999999999999,1549548.1089021119,Australia,2014,24593509.280000005
3.408,1692419.6499830883,Australia,2015,26295087.600000024
104.63999999999999,6603145.07846496,Australia,2016,109975356.72
25882.110846719996,2231255.663605248,Australia,2017,38266104.79999998
341.9995200000001,9279642.460216792,Bahamas,1990,5718454.350000001
413.8465200000032,25013462.795059234,Bahamas,1991,19905050
698.7116400000046,36423018.15437179,Bahamas,1992,29501818.700000007
645.1328400000001,33209329.07755166,Bahamas,1993,29392412.350000005
285.9997200000003,29666269.255664233,Bahamas,1994,28610864.55
630.3837600000011,35065502.854685314,Bahamas,1995,30802125.450000007
1914.5558400000073,49123111.696326695,Bahamas,1996,41796943.5
1774.7100000240116,42170028.92470089,Bahamas,1997,45866707.74999999
925.5785999999994,51903278.21320345,Bahamas,1998,58917826
1489.2264000000018,44722686.13998038,Bahamas,1999,46713692.30000001
2157.983040000013,61034740.56015824,Bahamas,2000,79656118.49999999
1477.8042000000057,46919850.61484449,Bahamas,2001,56852002.34999997
734.3686800000005,26321012.94151488,Bahamas,2002,34574443.99999996
904.0260000000003,27822767.089105427,Bahamas,2003,36473589.44999999
395.4133439999999,28683889.981830638,Bahamas,2004,36526721.400000006
1693.1557439999974,36573097.513539754,Bahamas,2005,52576885.50000008
411.71543999999886,25715652.032047067,Bahamas,2006,36382695.24000016
1057.4596800000006,42348001.01207393,Bahamas,2007,44195261.28
223.03756799999994,20200568.44430361,Bahamas,2008,28115220.000000007
388.8000000000001,2275002.3473884794,Bahamas,2013,2382976.6999999997
697.8239999999989,13282577.519997159,Bahamas,2014,14593594.710000006
106.55999999999996,1801152.7452611998,Bahamas,2015,1817743.95
249.36,9315987.617764799,Bahamas,2016,9484502.999999978
158.54399999999998,4309674.993240768,Bahrain,2015,16258269.749999959
1.8720000000000006,16820.94881318401,Bahrain,2016,70910.01
883.3021116480002,527926.3917024011,Bahrain,2017,2368781.2
1.2,71202.82112352,Bangladesh,2015,56352840.90000001
61.056,398192.37037453434,Bangladesh,2016,328392371.99999976
19411.58313504,202010.051611872,Bangladesh,2017,175477463.27999997
136.79980799999987,2114967.464087519,Belize,1990,430043.88000000006
165.53860800000004,5801879.378380797,Belize,1991,1669421.6
279.4846559999999,8572346.188639488,Belize,1992,2204604.1999999993
258.05313599999977,7797101.023024984,Belize,1993,4047036.8399999994
114.399888,7014336.65021933,Belize,1994,7468251.6
252.15350400000003,8453908.65960864,Belize,1995,11341244.819999998
765.8223360000021,12036938.039528115,Belize,1996,19441719.44
709.8840000096084,10954991.596295044,Belize,1997,34449348.02
185.1157199999999,6939162.394630093,Belize,1998,22544297.999999996
297.8452800000005,5824063.910988817,Belize,1999,37488691.529999994
431.5966080000013,7750854.702593874,Belize,2000,30345402.360000003
295.5608400000006,5924671.828875077,Belize,2001,24729007.68
146.87373600000006,3456238.905600768,Belize,2002,37223952.16
180.8052,3713268.1756222052,Belize,2003,21155788.560000002
65.90222399999998,3153515.146872481,Belize,2004,28391005.499999996
282.1926240000005,4009255.8581938376,Belize,2005,50972176.35
68.6192399999998,2710524.66898522,Belize,2006,62367602.59000002
352.48656000000045,8842809.926026369,Belize,2007,339648990.88000005
74.34585599999997,4134402.612342335,Belize,2008,190287681.32
233.2800000000001,802675.7626815359,Belize,2013,3425065.1399999997
1395.6480000000013,15616127.835135646,Belize,2014,149615548.32000005
213.11999999999995,2145322.6637947196,Belize,2015,25868375.999999993
99.74399999999997,2238299.12182464,Belize,2016,25244491.999999985
8.495999999999988,311056.5458799365,Bosnia and Herzegovina,2014,485681.76000000007
0.19200000000000014,26285.44807603197,Bosnia and Herzegovina,2015,39337.72
2.9759999999999915,78824.66196326399,Bosnia and Herzegovina,2016,126556.5
3413.2005503999976,26219.679473567972,Bosnia and Herzegovina,2017,38558.26
1.9200000000000002,68181.33422904,Brazil,2013,10379428.250000002
16.08,966487.2683793602,Brazil,2014,149117345.2999998
37.440000000000005,1340299.3846075195,Brazil,2015,180126756.3999999
9177.3844081056,810954.3837130562,Brazil,2017,106065997.02000001
2.831999999999992,116675.71557465571,Bulgaria,2014,371334.96000000025
0.09600000000000007,14406.168842975987,Bulgaria,2015,53085.82
1.4879999999999989,43412.709202272075,Bulgaria,2016,163750.28999999998
1706.6002751999988,14486.511878544008,Bulgaria,2017,53379.729999999996
241.92,876958.323542016,Cambodia,2014,93224007.68000004
3.8880000000000003,309646.25145504007,Cambodia,2015,32690911.5
58.752,1057340.2366762562,Cambodia,2016,119367982.16999993
10.320816,2343322.483493376,Canada,1990,133435338.95999995
111.98536800000015,6417231.096551614,Canada,1991,354080347.0599996
147.5612160000003,16908146.632436365,Canada,1992,874144220.4000026
41.55095999999996,7477536.264812579,Canada,1993,374677054.8399998
86.19415199999985,10529600.64843456,Canada,1994,527617450.79999983
242.52518399999974,11887577.011021981,Canada,1995,546234787.3399998
334.5130800000002,9865488.889900427,Canada,1996,452466952.30000013
66.63491999999997,10288302.769052785,Canada,1997,487055944.97999996
55.11316800000004,19484329.909454733,Canada,1998,959190451.1199998
131.15784000000033,14130507.329852091,Canada,1999,737967387.96
51.80471999999977,13635030.985154543,Canada,2000,718781376.06
156.37432800000013,15390106.496219106,Canada,2001,837070305.7200003
290.3992800000005,21510791.518534612,Canada,2002,1137074846.3999999
205.33651199999963,13256997.112077884,Canada,2003,696304244.16
408.2295360192014,10201508.578570515,Canada,2004,539464890.2800002
223.89523199999988,15919871.379320571,Canada,2005,771224455.6799998
44.399231999999934,15224002.342127698,Canada,2006,739078831.4
139.00320000000016,13736795.823178634,Canada,2007,666258121.2200001
22.94635200000001,15508330.922606915,Canada,2008,692834430.6
0,368310.20036735974,Canada,2009,18023523.799999997
0,367785.98974943877,Canada,2010,16698342.600000005
0,546189.2531956757,Canada,2011,27428577.29999994
7.942560000000106,1474053.353544998,Canada,2012,67741791.19999997
47.664000000000044,3175225.095190129,Canada,2013,154109206.18
300.672,10209956.706246044,Canada,2014,476465662.66999996
607.3439999999994,16129941.29143489,Canada,2015,707995167.5999999
214.75199999999984,6286018.148248688,Canada,2016,285498691.5200001
3.0844799999999992,9823779.740739359,Chile,2001,2887937744.4499993
13.872000000000002,553812.094165104,Chile,2013,77171383.38000003
27.744000000000007,2250540.442446335,Chile,2015,316045137.4800002
33.744000000000014,3810377.856431518,Chile,2016,433329937.1999959
8.448,1619809.5958479359,Chile,2017,270153204.47999865
19.220736000000002,305728.85278156796,China,2002,1162319732.8000038
2051.1360000000022,6800709.129644551,China,2014,32974755250.559994
0.8640000000000001,115804.61014032028,China,2015,567037682.9
151.29599999999976,19610056.62416589,China,2016,95925268471.76007
0,4501355.112105985,China,2017,22199424549.119995
136.79980799999998,3571146.0061468813,Colombia,1990,36671932.77999999
248.30791200000013,15104878.55262142,Colombia,1991,89982657.60000001
419.2269840000014,22489721.54991447,Colombia,1992,205359433.56
387.0797040000016,20290074.2500559,Colombia,1993,234467749.94999996
171.59983200000008,18140050.366452023,Colombia,1994,164100872.13
378.23025600000085,21504273.497047473,Colombia,1995,316721586.24
1148.733504000006,29192507.43549753,Colombia,1996,433327410.36000013
1064.8260000144126,24999979.35326904,Colombia,1997,433190666.82
555.3471599999995,30422855.09197732,Colombia,1998,527539643.4
595.6905600000101,16847831.218422815,Colombia,1999,228151001.94
863.1932160000022,22750693.8139192,Colombia,2000,353439287.88000023
591.4845600000019,18616800.45900824,Colombia,2001,335291788.64000005
293.7474719999998,10162807.457006587,Colombia,2002,178915644.64000002
180.80520000000024,5181883.704175679,Colombia,2003,103876039.29
65.90222400000002,4364493.513045122,Colombia,2004,86052575.69999999
282.1926240000003,5433507.575032464,Colombia,2005,122840816.02000003
68.61924,3681655.797217152,Colombia,2006,88052394.59000005
176.24328000000042,5958624.860777085,Colombia,2007,149589537.08
37.17292800000001,2800080.35149008,Colombia,2008,65243593.7
155.51999999999995,711905.913597504,Colombia,2013,22070887.159999996
1395.6480000000029,20762412.013495576,Colombia,2014,698702206.8000014
106.56000000000071,1422436.2795079174,Colombia,2015,47308496.849999994
99.744,2980076.7010560003,Colombia,2016,97984535.60000004
7.372800000000001,2132060.991723265,Costa Rica,2001,2388312.64
33.261311999999954,4582504.3254554905,Costa Rica,2002,9825398.140000002
33.12585600000002,5239643.620434429,Costa Rica,2003,13050473.960000006
131.557632,4519873.057741052,Costa Rica,2004,12888638.319999997
0,7419250.947390531,Costa Rica,2005,19069793.799999997
0,4619659.10289523,Costa Rica,2006,13369708.44
0,4526655.7658037115,Costa Rica,2007,16986080.2
0,7256399.898685443,Costa Rica,2008,30254911.999999996
0,7042641.472367997,Costa Rica,2009,29739888
0,4327592.1575831035,Costa Rica,2010,16780065.44
0,10006643.618995195,Costa Rica,2011,45468464
7937.772864000025,14144607.749310533,Costa Rica,2012,55225795.480000004
4.6080000000000005,101594.15222208,Costa Rica,2013,442259.44
162.33599998079998,2646188.7712166416,Costa Rica,2014,14807305.759999994
55.68,2815347.4066897924,Costa Rica,2015,16830188.640000004
12.767999999999999,3646103.5327468803,Costa Rica,2016,23261668.35999998
39.647999999999996,2061947.1838855683,Croatia,2014,8625392.160000026
0.96,189016.58718816,Croatia,2015,715338.5000000009
13.392,484247.99421057594,Croatia,2016,1941757.9199999983
11946.2019264,122659.330191216,Croatia,2017,551254.76
68.39990399999996,1905051.9467881434,Cuba,1990,35238949.05999999
82.76930400000003,5226588.792480001,Cuba,1991,74392058.39999999
139.7423279999998,7738930.479320643,Cuba,1992,88434176.46000001
129.02656799999997,6963133.952177757,Cuba,1993,87097216.15000004
57.199943999999995,6076340.0269807195,Cuba,1994,68376947.64999999
126.07675199999983,7090119.476508819,Cuba,1995,90207834.3
765.8223360000009,19003544.7460785,Cuba,1996,239208871.20000002
709.8840000096027,16430181.067291833,Cuba,1997,190350550.76000032
555.3471599999984,30621058.83647989,Cuba,1998,340158706.79999995
893.5358400000026,25682633.23614057,Cuba,1999,236621677.23000005
1294.7898240000134,34791455.441342816,Cuba,2000,368251584.11999995
886.6825200000033,27006437.569164798,Cuba,2001,257004186.65999997
440.62120800000037,15225041.312848572,Cuba,2002,92753260.56
542.4155999999994,16661836.871382969,Cuba,2003,129471440.75999999
263.60889599999854,19511246.18199745,Cuba,2004,170437706.39999998
1128.7704960000015,25701827.367033776,Cuba,2005,191096481.12000003
274.47695999999945,17093262.454054456,Cuba,2006,106855542.12000002
704.9731200000014,28150057.17808053,Cuba,2007,222660052.32000002
148.69171199999985,13249586.81271936,Cuba,2008,109964020.00000001
311.03999999999985,1743741.229602815,Cuba,2013,8589645.760000002
2791.296000000001,51353674.110126175,Cuba,2014,282009855.1200006
426.24000000000024,7196340.556681923,Cuba,2015,41895851.40000001
199.48799999999997,7577908.571761923,Cuba,2016,39677153.60000002
16.992,736611.3905840642,Cyprus,2014,1338241.92
0.5760000000000001,93091.29653347199,Cyprus,2015,164083.2
10.416,328389.920114256,Cyprus,2016,593180.9100000001
6826.4011008,63722.218830912,Cyprus,2017,121475.60000000002
12.144,1440922.511185344,Denmark,2014,39021716.58
40.32000000000001,3492408.7462118394,Denmark,2015,119206729.60000001
18.48,2331229.4845862403,Denmark,2016,60258197.99999994
29717.079824256,358681.460193792,Denmark,2017,13625474.080000008
68.39990399999994,899589.4849986231,Dominican Republic,1990,10006615.29
165.53860800000103,4959030.2454950325,Dominican Republic,1991,40437408
279.4846560000022,7421574.823348411,Dominican Republic,1992,57312396.48000001
258.0531360000006,6756866.814855353,Dominican Republic,1993,62328599.34
171.5998320000001,9256008.698389303,Dominican Republic,1994,103176641.40000002
378.23025600000057,11240568.632356288,Dominican Republic,1995,110162475.72
1148.7335040000066,15659069.331686987,Dominican Republic,1996,141618995.7
709.8840000096094,9374730.421865381,Dominican Republic,1997,93816362.32
185.11572000000007,5818960.531208645,Dominican Republic,1998,52535198.39999999
297.8452800000006,4872136.6680605775,Dominican Republic,1999,47130840.08
863.1932160000105,13050161.886875916,Dominican Republic,2000,153046355.27999997
591.1216800000044,9978998.14422203,Dominican Republic,2001,119957570.45999993
293.74747199999945,5731512.847425019,Dominican Republic,2002,56555663.999999985
723.2208000000012,12483275.701797498,Dominican Republic,2003,87672315.36000001
263.6088959999996,10972007.663984613,Dominican Republic,2004,88172448
1128.770496000001,14400040.324494546,Dominican Republic,2005,113565314.2
274.47695999999877,9802715.13977952,Dominican Republic,2006,95615715.92
881.2164000000173,20681610.11711039,Dominican Republic,2007,244005882.00000006
185.86464000000015,9757691.885830557,Dominican Republic,2008,94993942.60000001
311.03999999999996,1085481.048632448,Dominican Republic,2013,9005756.799999999
2791.2960000000057,32795605.010491192,Dominican Republic,2014,312012674.8800002
426.24,4573600.935661442,Dominican Republic,2015,41805228.60000009
199.48799999999997,4815720.93988608,Dominican Republic,2016,51263419.2
0.9072,2184204.5526839993,Ecuador,2001,95295516.25
4.08,144459.99726336,Ecuador,2013,2787725.55
8.16,570840.9717513601,Ecuador,2015,16530307.199999938
7.104000000000002,694234.2608052479,Ecuador,2016,18500733.35999995
2.1120000000000005,349264.00103270396,Ecuador,2017,8282756.16
19.823999999999998,306997.45688908803,Egypt,2014,122421579.28
0.576,33619.521742272,Egypt,2015,13056591.540000003
7.44,84926.79810935998,Egypt,2016,33129429.75000001
8533.001376,28402.719187200004,Egypt,2017,11425753.200000003
7.372800000000002,1757887.3407701736,El Salvador,2001,5127384.480000002
33.26131199999998,3874405.26335491,El Salvador,2002,14506252.260000002
33.12585600000004,4446480.724570747,El Salvador,2003,15766288.84
131.55763199999996,3911074.618086331,El Salvador,2004,14119203.6
0,3345109.970587007,El Salvador,2005,15729659.74
0,2010805.779324674,El Salvador,2006,8458912.44
0,5417102.012391838,El Salvador,2007,27358746.7
0,6626844.289351685,El Salvador,2008,22632582.4
0,6265928.954966398,El Salvador,2009,36493662
0,3570712.700639231,El Salvador,2010,14880755.44
0,8336900.749094402,El Salvador,2011,37859120
7937.772864000026,11537303.125332111,El Salvador,2012,45109716.8
5.76,103418.97739536,El Salvador,2013,413143.9000000001
202.91999997600004,2735592.3760089576,El Salvador,2014,13562525.6
69.59999999999998,2858761.957824,El Salvador,2015,12357953.999999998
15.959999999999999,3564565.7803511964,El Salvador,2016,14295411.45
92.48400000000002,4381648.106580443,Eritrea,2015,2211628.9200000055
1.092,16859.626694819992,Eritrea,2016,8606.880000000001
772.889347692,781757.367469008,Eritrea,2017,400001.02
181.44,819972.6607871997,Fiji,2014,7456331.520000001
2.5919999999999996,257342.75716176003,Fiji,2015,2353791.8999999994
39.16800000000001,879192.3589709759,Fiji,2016,3425559.8399999994
7.728,806420.46359952,Finland,2014,10485603.660000004
35.279999999999994,2664320.6095430385,Finland,2015,35285293.400000006
18.480000000000004,2014833.09682872,Finland,2016,26341449.750000007
26002.444846224003,270024.527551296,Finland,2017,3784787.299999999
75.88799999999999,5178797.407408895,France,2014,603289782.079999
102.62400000000002,7969282.392361151,France,2015,907926549.659998
86.68799999999999,7123185.485406141,France,2016,827384075.2799997
112139.340042672,1163658.096564576,France,2017,139151436.61999997
657.6779999999994,4939563.569418912,Gambia,2014,44479952.04
32.214000000000006,640450.122736704,Gambia,2015,6229269.7600000035
5832.3365792916,79538.45045269199,Gambia,2017,853155.8
2.8319999999999954,101163.36919833618,Georgia,2014,337872.1599999999
0.09600000000000007,13101.583867008014,Georgia,2015,37015.240000000005
2.975999999999989,79569.33350918397,Georgia,2016,371222.93999999994
3413.2005503999976,26712.14226528004,Georgia,2017,252331.57999999996
4.416,424479.4847850242,Germany,2014,25589613.36
10.080000000000002,739090.9789939198,Germany,2015,42053779.20000001
5.280000000000015,576474.6586593613,Germany,2016,34107695.10000001
7429.269956064001,78220.294581312,Germany,2017,4173398.3199999994
751.6320000000027,6148171.634108499,Ghana,2014,500506834.9099997
36.816,806910.9123048957,Ghana,2015,75449827.03999998
6665.5275191904,101770.04700911998,Ghana,2017,10330547.78
79.29599999999999,3947672.731333631,Greece,2014,42895612.48000005
2.976,546338.268596496,Greece,2015,5954924.230000009
41.664,1475801.60523264,Greece,2016,18425365.55999998
47784.807705600004,488306.24408563203,Greece,2017,5805377.480000003
106.55999999999996,1537201.5369573594,Grenada,2015,403786.3500000002
49.87199999999999,1608191.00693664,Grenada,2016,383485.19999999995
45.359999999999985,280844.62824959995,Guam,2014,16640
0.6480000000000005,87805.25411831985,Guam,2015,14220
9.791999999999978,293826.81251613604,Guam,2016,51034
18.432,4485355.421605436,Guatemala,2001,9464739.2
83.1532800000002,9696658.55739192,Guatemala,2002,34786384.04999999
82.81464000000034,11171935.452206876,Guatemala,2003,34542551.89999999
65.77881600000009,1941470.8158515512,Guatemala,2004,3554904.5
0,1658876.200037329,Guatemala,2005,6664093.630000001
0,1006204.0088849759,Guatemala,2006,3584521.71
0,1015459.1377169283,Guatemala,2007,3246255.1200000006
0,1538025.0311347204,Guatemala,2008,5700412.8
0,1462862.7604080013,Guatemala,2009,2805573
0,828820.2832027206,Guatemala,2010,2868922.1599999997
0,1901057.860819201,Guatemala,2011,5237740
1984.4432160000006,2640850.26966043,Guatemala,2012,12603648.04
1.1519999999999995,18480.522179519987,Guatemala,2013,93711.73999999999
40.58399999519992,484944.2477018878,Guatemala,2014,2647416.7200000007
13.919999999999984,503507.73644121474,Guatemala,2015,2499934.859999998
3.192000000000002,637555.7941096798,Guatemala,2016,3555580.12
59.84991599999999,976346.0270136697,Guyana,1990,5332803
72.42314099999989,2628406.1764514414,Guyana,1991,15510048.4
122.27453699999991,3711561.1408833703,Guyana,1992,23445278
112.89824699999988,3396489.2229289147,Guyana,1993,22821099
50.049951000000014,2976831.2963815853,Guyana,1994,21516448
110.31715799999996,3654930.696980724,Guyana,1995,26255564.490000002
335.0472719999999,5124378.551378273,Guyana,1996,35623499.339999996
310.5742500042,4507070.271811,Guyana,1997,33251604.74
161.97625499999978,5652740.385028802,Guyana,1998,28974371.799999997
260.6146200000009,4804135.380508209,Guyana,1999,29999004.42
377.6470320000015,7200919.962288618,Guyana,2000,26968333.979999997
258.61573499999946,5232687.799834401,Guyana,2001,20073467.700000003
128.514519,2907504.789518111,Guyana,2002,11289979.440000001
158.2045499999998,3002594.6604572134,Guyana,2003,15837228.810000002
57.66444599999992,2549832.8400745206,Guyana,2004,10736770.2
246.91854600000036,3330102.541407823,Guyana,2005,10698100.920000002
60.04183499999984,2216682.970160063,Guyana,2006,7583012.240000002
154.21287000000007,3599842.8313907026,Guyana,2007,10360870.959999995
32.52631200000002,1663683.6380591274,Guyana,2008,2695793.980000001
272.16,955863.526155888,Guyana,2013,3065532.479999999
2442.3839999999955,27838763.34086616,Guyana,2014,71673508.67999999
372.96,3759986.68372152,Guyana,2015,8292990.600000011
130.914,2916890.1979610394,Guyana,2016,7970604.600000008
3.6863999999999955,765567.2684472959,Honduras,2001,2297066.119999997
16.630655999999984,1667429.9556972957,Honduras,2002,2497119.6599999997
16.562928000000014,1906389.3761864637,Honduras,2003,4379174.879999997
65.77881600000009,1647905.2530615348,Honduras,2004,3545179.280000005
0,1393657.2890965906,Honduras,2005,5992926.46
0,851757.8587847997,Honduras,2006,3457601.7299999995
0,891662.1864020639,Honduras,2007,3924028.08
0,1393222.1829657594,Honduras,2008,5067676.8
0,1308453.4908864007,Honduras,2009,1935711
0,753432.919947648,Honduras,2010,1713599.0200000003
0,1762741.3880063994,Honduras,2011,9522192
1984.4432159999997,2485760.876964676,Honduras,2012,7581388.429999999
1.1519999999999986,17747.549717855993,Honduras,2013,27975.42
40.583999995199896,464643.2154798722,Honduras,2014,675127.44
13.919999999999993,483933.15892252786,Honduras,2015,1017099.1799999999
3.192000000000001,602624.249628768,Honduras,2016,1504286.6799999997
23.183999999999997,2613722.680995552,Iceland,2014,46171865.88000037
100.80000000000001,8318529.1277184,Iceland,2015,294266620.0000003
13.2,1560583.1943,Iceland,2016,30814115.249999978
22287.809868192002,248715.24863673598,Iceland,2017,6556342.800000001
107.376,2787866.4707500795,India,2015,4904425774.299984
72.48000000000002,534637.5428976,India,2016,972023021.0000002
23530.149102528005,772219.0339543679,India,2017,1472846151.9199986
1058.4000000000005,3694266.6180403214,Indonesia,2014,5334099965.600015
15.120000000000001,1155687.401274,Indonesia,2015,1761374958.0000072
221.95199999999994,3838619.335091714,Indonesia,2016,6040188607.400005
7.728,885047.1835423679,Ireland,2014,4778084.640000001
35.28,2964520.7321184,Ireland,2015,11756845.799999997
18.480000000000004,2214012.86626968,Ireland,2016,13521267.89999997
22287.809868192002,253826.42132217597,Ireland,2017,1611399.3600000006
28.319999999999997,1197262.15789824,Israel,2014,15016136.799999984
0.864,133917.657561648,Israel,2015,1685100.5099999998
10.416,309541.665351744,Israel,2016,4204996.109999999
13652.8022016,117037.87082918399,Israel,2017,1715320
84.96,4373016.86525184,Italy,2014,410776209.6000005
2.88,553008.85451856,Italy,2015,53937291.30000023
37.2,1347595.7408136006,Italy,2016,136890747
42665.00687999999,443669.8200624,Italy,2017,45435229.75000002
68.39990400000008,1229935.2457570084,Jamaica,1990,7261033.989999999
82.76930400000035,3384431.150390404,Jamaica,1991,18086991.999999996
139.74232800000007,5193889.975748642,Jamaica,1992,26917360.040000003
129.02656800000003,4742870.75764253,Jamaica,1993,27486540.619999997
57.19994400000004,4270806.443407965,Jamaica,1994,28606919.8
126.07675199999973,5164282.798526167,Jamaica,1995,31050256.560000002
382.91116800000106,7347628.652460089,Jamaica,1996,39296779.86
354.942000004804,6669636.143233198,Jamaica,1997,38108027.16
185.11572000000024,8572763.949075842,Jamaica,1998,48999454.6
297.8452800000008,7371986.516226393,Jamaica,1999,43351562.19
431.5966080000018,9836735.724656072,Jamaica,2000,49466831.400000006
295.5608400000017,7518465.385323974,Jamaica,2001,49675091.31
146.873736,4151710.8592934404,Jamaica,2002,29660614.720000003
180.80520000000027,4266905.191801634,Jamaica,2003,30082457.07
65.9022239999998,3520018.147931997,Jamaica,2004,26260962.000000004
282.19262400000116,4232088.800319598,Jamaica,2005,36148163.79000001
68.61923999999996,2897359.096727567,Jamaica,2006,26295415.77999999
352.4865600000035,10247764.887383033,Jamaica,2007,91462756.16000003
74.34585599999993,5262510.766664837,Jamaica,2008,38175799.92
155.52,736587.2707040638,Jamaica,2013,4462022.640000001
27.629807999999997,594577.167145152,Japan,2002,434141227.88
870.9119999999987,3410922.333107519,Japan,2014,1806626535.8400002
57.60000000000001,8987935.779565424,Japan,2016,4533827022.400006
0,2105895.9693388776,Japan,2017,1080095244.7999997
105.69599999999996,3522915.4813553276,Kenya,2015,96061593.64000028
1.2479999999999989,13982.64992803201,Kenya,2016,344068.86
883.3021116480002,670148.9846002558,Kenya,2017,14539811.900000004
60.480000000000004,294119.670829056,Kiribati,2014,833347.1999999998
0.8640000000000004,91751.31121248004,Kiribati,2015,341445.19999999995
13.055999999999997,311003.345642112,Kiribati,2016,2045257.0799999998
264.2399999999985,6498191.740327462,Kuwait,2015,70514362.15
3.12,25776.209812319998,Kuwait,2016,264111.3500000001
1766.604223296,983217.6754241274,Kuwait,2017,11244291.280000001
2.8320000000000007,129318.3994106881,Lebanon,2014,473365.92
0.09600000000000007,16492.089397440006,Lebanon,2015,52569.57
1.4879999999999975,50225.242114655885,Lebanon,2016,179120.22000000003
1706.6002751999988,16873.057440432014,Lebanon,2017,59533.1
8.495999999999999,244564.74755020798,Libya,2014,2927625.1200000006
0.28800000000000003,30156.214219632,Libya,2015,310255.32
4.464,89227.390844448,Libya,2016,985830.21
5119.800825599999,29527.953156576,Libya,2017,294047.97
264.2399999999984,8351695.063807911,Madagascar,2015,141856495.60000002
2.496,25975.733608704,Madagascar,2016,553218.4
1324.953167472,914943.3812673122,Madagascar,2017,21304369.619999997
1088.6400000000006,4822420.071942147,Malaysia,2014,1193850374.3999965
21.792,2183111.4921330237,Malaysia,2015,518701788.9000006
389.9520000000001,6456799.058658482,Malaysia,2016,1514706592.6200004
97057.9156752,1821886.36777728,Malaysia,2017,414064253.3999986
22.656000000000006,1007016.7438755836,Malta,2014,2029059.2000000011
0.768,127673.752831104,Malta,2015,245345.67999999996
11.904000000000003,392859.8596062721,Malta,2016,1380515.52
13652.8022016,131780.404880256,Malta,2017,553810.8799999999
30.239999999999988,179964.0794764803,Marshall Islands,2014,304940
0.43200000000000033,56124.68874432012,Marshall Islands,2015,172550.34999999998
6.527999999999993,188934.13923336,Marshall Islands,2016,264425.99
528.4799999999975,19854604.17440785,Mauritius,2015,83699914.2
6.24,77344.37024975999,Mauritius,2016,379588.80000000016
4416.51055824,3610182.734410556,Mauritius,2017,25841558.799999997
478.7993279999994,16717204.35292756,Mexico,1990,1476698092.2399974
579.3851280000002,45864143.44645045,Mexico,1991,4044407628.7999997
978.1962959999961,68152920.39317214,Mexico,1992,5133856219.099999
903.1859760000035,62136174.70597498,Mexico,1993,4439442479.570003
400.3996079999992,54934511.790336624,Mexico,1994,4325671373.450001
630.3837599999978,46433740.18519297,Mexico,1995,3592762805.5500016
1914.5558400000054,62534683.84705144,Mexico,1996,5236465573.2999935
1774.7100000240368,54590183.20311555,Mexico,1997,4733721397.55
925.5786000000019,66820759.164067216,Mexico,1998,4753715918.999998
1489.2263999999998,55039218.89272776,Mexico,1999,4025097973.0999994
3021.1762560000184,103608360.31156552,Mexico,2000,8632091484.660002
2116.849080000006,97524146.4921366,Mexico,2001,8939114733.120037
1701.5665440000007,108051229.17038819,Mexico,2002,10129789529.940022
2039.9329919999982,118974090.8004964,Mexico,2003,10646132787.899996
1579.925664000004,101994220.27441575,Mexico,2004,9368989648.239994
1975.3483680000088,92274356.72085434,Mexico,2005,9001962039.88
480.33468000000113,59451903.96819885,Mexico,2006,6238547109.960004
881.2164000000157,68254840.5983861,Mexico,2007,7720792533
148.69171200000025,53807270.9360551,Mexico,2008,6441844887.04
0,30671984.126347188,Mexico,2009,3550928530.5
0,16074048.303654913,Mexico,2010,1820537422.8000002
0,30916299.427200023,Mexico,2011,3437108660
21828.875375999945,47872095.49221107,Mexico,2012,5663186746.689999
247.10399999999996,1962601.1600912635,Mexico,2013,247248419.04000002
6191.3519999280115,136340324.00036943,Mexico,2014,17128251354.360016
1061.2800000000004,29374095.745149173,Mexico,2015,3772323594.9000044
559.3680000000003,41521717.4043973,Mexico,2016,5582556356.85
11.328000000000001,446277.0448711681,Montenegro,2014,240101.11999999997
0.28800000000000003,41897.855385216,Montenegro,2015,22739.46
5.952,168076.52046892798,Montenegro,2016,100970.16
6826.401100800001,56140.898259839996,Montenegro,2017,35357.920000000006
1506.0959999999986,9948341.34417486,Morocco,2014,1611857473.4999993
36.91199999999999,658106.789589888,Morocco,2015,96264701.13000001
2.976000000000001,35458.12509552001,Morocco,2016,5291697.180000001
10078.728069590397,95593.91028787199,Morocco,2017,12563825.920000002
52.848,2091988.4175148318,Mozambique,2015,83645083.2500004
0.6240000000000004,8150.0105987519955,Mozambique,2016,328347.57000000007
1.2,128015.48112695999,Myanmar,2015,38363867.550000004
61.056,716203.7377246082,Myanmar,2016,222759827.63999993
19411.58313504,356375.96778067213,Myanmar,2017,107287054.97999996
30.96,576697.1037155995,Namibia,2014,1766171.249999983
6021.722413401599,630334.85799168,Namibia,2017,1334292.8000000017
6.623999999999999,781512.9943985279,Netherlands,2014,17898899.760000013
35.27999999999999,3055175.9666736,Netherlands,2015,49256230.80000003
18.479999999999983,2310191.7347376184,Netherlands,2016,35852121.900000036
26002.444846224,306592.231987104,Netherlands,2017,4588551.100000003
0.48000000000000004,204272.66283119997,New Zealand,2014,893572.9
0.48000000000000004,204563.04691656,New Zealand,2015,853013.4
0,205335.54546840003,New Zealand,2016,783398.0499999996
7.3728,1568374.9716211185,Nicaragua,2001,4247982.24
33.26131199999997,3422517.9292171155,Nicaragua,2002,8928079.28
33.12585600000003,3912038.46092717,Nicaragua,2003,7038657
131.55763199999996,3376891.7284018556,Nicaragua,2004,6138198.8
0,2851896.684636577,Nicaragua,2005,8442210.099999998
0,1696884.3346910388,Nicaragua,2006,6560694.36
0,1768655.3516454727,Nicaragua,2007,5379891.880000001
0,1376028.187553279,Nicaragua,2008,4961097.600000001
0,2570683.2993216,Nicaragua,2009,11808309
0,1448293.4507832967,Nicaragua,2010,6565754.280000001
0,3391964.3658048,Nicaragua,2011,13172016
3968.8864320000057,4787710.300747686,Nicaragua,2012,18276633.400000006
2.3040000000000007,34166.77887148801,Nicaragua,2013,139056.96000000002
81.16799999040003,901095.208720512,Nicaragua,2014,4452689.280000003
13.920000000000002,459181.00050220813,Nicaragua,2015,2022609.4199999995
3.1920000000000006,565572.910354704,Nicaragua,2016,2296256.829999999
6665.527519190401,101658.28322899199,Nigeria,2017,24364541.459999997
13.248000000000001,2088008.7561503998,Norway,2014,65961864.72000004
60.480000000000004,6828761.159262719,Norway,2015,260904300.00000027
31.68,5095414.642023359,Norway,2016,168654785.39999938
44575.619736384004,678288.247610112,Norway,2017,25057366.79999999
52.848,1513169.108968368,Oman,2015,45023732.33999997
0.6240000000000004,5749.284655439999,Oman,2016,192530.05
441.6510558239996,269751.00894638395,Oman,2017,14595406.319999998
52.84800000000001,2294678.9539824,Pakistan,2015,126405784.0999999
0.6240000000000004,8945.930448191995,Pakistan,2016,521029.77
441.6510558239996,420169.93962744006,Pakistan,2017,22429294.410000023
2.1239999999999988,40510.18873641582,Palestine,2014,79161.35999999999
0.07200000000000005,5067.929244852003,Palestine,2015,10808.16
1.116,15155.741190275992,Palestine,2016,38398.92
2559.9004127999983,10235.192511312,Palestine,2017,25621.859999999997
68.39990399999986,1248090.1311322085,Panama,1990,21024714.689999998
82.76930400000008,3392551.1106009604,Panama,1991,72756116.4
139.74232800000007,5147859.164094234,Panama,1992,112380543.74
129.026568,4707954.912201408,Panama,1993,106270471.79
57.199943999999945,4112604.598493858,Panama,1994,93905221.66999999
126.07675199999987,4896973.230437808,Panama,1995,117875190.35999998
382.91116800000094,6614346.6865632,Panama,1996,115288410.38
354.9420000048031,5955144.641321378,Panama,1997,103924363.45999998
185.11572000000018,7343754.823789433,Panama,1998,152340141.99999994
297.8452800000012,5929487.208055243,Panama,1999,65083738.02000002
431.5966080000011,8007377.946124029,Panama,2000,170054852.52000004
299.2472400000009,6891555.997870649,Panama,2001,175726814.48000002
163.5043920000001,5190910.78095274,Panama,2002,120460339.43999994
197.3681279999999,5722122.802901567,Panama,2003,104800513.02000001
131.68104000000017,4886451.266206847,Panama,2004,78671825.52
282.19262400000054,5519750.288825377,Panama,2005,109787761.47999999
68.61924000000006,3671973.6575427838,Panama,2006,73819399.80000001
352.4865600000016,10150226.747503197,Panama,2007,162482071.5
74.34585599999994,5765688.376968386,Panama,2008,85699146.60000001
0,1273298.4944712,Panama,2009,20787187.5
0,731677.2201407996,Panama,2010,12270025.06
0,1729940.6610432002,Panama,2011,32772878
1984.443216000002,2477492.4258429124,Panama,2012,53980780.02
156.67200000000005,626374.5712862401,Panama,2013,14892981.6
1436.2319999952042,18400950.261019755,Panama,2014,337731347.8999994
227.03999999999994,2931776.427754945,Panama,2015,47326132.44000001
102.93599999999992,3157234.784972736,Panama,2016,50367473.33999988
151.2,703582.2126835198,Papua New Guinea,2014,17331774.40000001
2.16,219333.3939228,Papua New Guinea,2015,4573636.75
32.64,743241.1459713602,Papua New Guinea,2016,20934296.39999999
1.08864,2605844.0088331206,Peru,2001,2564854112.7000003
5.712,175622.956116048,Peru,2013,115204014.44999997
13.056000000000001,806931.11340288,Peru,2015,421227209.2799995
14.208000000000002,1237770.9793036801,Peru,2016,518852793.6000004
4.224,631080.530987904,Peru,2017,282751253.28
1602.7199999999991,6427640.305375484,Philippines,2014,2530367051.6800103
22.464000000000002,2013942.0800179201,Philippines,2015,793867479.5999941
352.51199999999943,7094258.1640984425,Philippines,2016,2724819699.240001
28.704,2223945.460930752,Portugal,2014,89394915.47999981
136.07999999999998,7669703.537818565,Portugal,2015,303754779.00000006
71.28000000000002,5991869.8679616,Portugal,2016,252813652.1999998
81721.969516704,674672.4251836799,Portugal,2017,27533141.679999996
68.39990399999986,1566323.1471871196,Puerto Rico,1990,331982
82.76930400000013,4350633.842079361,Puerto Rico,1991,1037080
139.74232799999993,6484205.397879369,Puerto Rico,1992,1505180
129.0265680000001,5915745.98837443,Puerto Rico,1993,1349082
57.199944,5120681.744169989,Puerto Rico,1994,1387534
504.3070079999985,24696756.446011156,Puerto Rico,1995,9114996
1531.6446720000035,33440350.004285898,Puerto Rico,1996,9997624
1419.7680000192072,28496430.840072643,Puerto Rico,1997,10362220
555.3471600000006,27223582.349764757,Puerto Rico,1998,10188420
1191.381120000005,29314496.253100403,Puerto Rico,1999,11228324
1726.3864320000355,39762744.946775414,Puerto Rico,2000,21669312
1182.2433600000184,31028592.42897514,Puerto Rico,2001,16174548
587.4949440000005,17478473.949510142,Puerto Rico,2002,6273504
723.2208000000005,18806598.908553008,Puerto Rico,2003,7420140
263.6088959999996,16372566.198967714,Puerto Rico,2004,5926440
1128.7704960000062,20911541.573044013,Puerto Rico,2005,7808352
274.4769600000002,13979735.469178762,Puerto Rico,2006,4194976
704.9731200000211,23238310.856107775,Puerto Rico,2007,5313136
74.34585599999997,5530838.347218624,Puerto Rico,2008,1302140
155.52000000000012,714284.8108464001,Puerto Rico,2013,137496
1395.6479999999995,20728408.554408092,Puerto Rico,2014,4124922
213.12000000000006,2758246.035111359,Puerto Rico,2015,585360
99.74399999999994,2971551.4070457597,Puerto Rico,2016,537880
105.69600000000005,4429947.38848886,Qatar,2015,32612662.640000097
1.2479999999999989,17027.673957696003,Qatar,2016,132639.42
883.3021116479993,800084.8422131519,Qatar,2017,5706132.759999982
11.328000000000003,447805.8252503041,Romania,2014,4346195.52
0.19200000000000014,27981.774183072026,Romania,2015,290952.36
2.976,84861.86123231999,Romania,2016,910422.6599999999
68.39990399999994,1686209.0389737596,Saint Lucia,1990,412430.47999999986
82.76930400000025,4645410.583313283,Saint Lucia,1991,1269122.8
139.742328,6860202.398854567,Saint Lucia,1992,1939750.66
129.02656799999997,6089071.267524002,Saint Lucia,1993,1971077.3599999999
57.19994400000005,5366839.060303733,Saint Lucia,1994,1760468.12
126.07675199999981,6267707.113296098,Saint Lucia,1995,2032868.5799999998
382.9111680000013,8481460.047755133,Saint Lucia,1996,3130512.06
354.9420000048031,7425991.950149811,Saint Lucia,1997,2625557.37
185.11572000000047,9024582.001898874,Saint Lucia,1998,3600157.8000000007
595.690560000002,14761647.873991106,Saint Lucia,1999,6564419.88
431.5966080000016,9821708.31341548,Saint Lucia,2000,4405259.46
591.1216800000018,14801306.429400163,Saint Lucia,2001,6769776
293.747472,8618771.49738777,Saint Lucia,2002,3990993.2800000003
361.6103999999998,9228535.616291618,Saint Lucia,2003,4500971.760000001
131.80444800000018,7943859.269910724,Saint Lucia,2004,4582336.2
564.3852480000006,10123781.86437523,Saint Lucia,2005,7013365.16
137.23848000000018,6916640.52154166,Saint Lucia,2006,3745781.96
352.48656000000364,11159319.333611527,Saint Lucia,2007,6361396.16
74.345856,5167447.542520312,Saint Lucia,2008,2985783.4399999995
155.51999999999998,715340.9905858561,Saint Lucia,2013,299689.60000000003
1395.6479999999988,21121957.266779788,Saint Lucia,2014,11962571.7
106.55999999999996,1448514.4434904796,Saint Lucia,2015,804047.8499999999
49.871999999999986,1511746.2972998396,Saint Lucia,2016,805351.4000000004
22.118399999999998,4212704.004195451,Samoa,2001,7998645.599999998
99.7839359999999,8979282.496234654,Samoa,2002,19978784.099999998
99.37756800000011,10056049.765780613,Samoa,2003,25600778.28
65.77881600000015,1420272.939872256,Samoa,2004,2552165.0599999996
0,1185084.2120300638,Samoa,2005,1956146.7000000002
0,727085.288562336,Samoa,2006,1530214.29
0,4678859.752496927,Samoa,2007,10515807.66
0,7495577.721031683,Samoa,2008,17596156.799999997
0,7232898.938241599,Samoa,2009,13816629
0,4198422.842618686,Samoa,2010,8119389
0,9746869.123699196,Samoa,2011,18267372
11906.659296000002,13609262.662192222,Samoa,2012,28609059.6
9.216000000000001,127464.68789222398,Samoa,2013,208463.03999999998
284.08799996640005,2859100.734077951,Samoa,2014,4856506.199999997
422.78399999999806,15106521.10991242,Saudi Arabia,2015,760239430.5600001
4.367999999999999,52039.357558944,Saudi Arabia,2016,2710508.220000001
3091.557390768,2455616.249862047,Saudi Arabia,2017,123457552.68000002
4509.792000000005,38822618.04544683,Senegal,2014,1546176793.5599964
147.26399999999998,3384971.9561656313,Senegal,2015,110654848.63999997
19996.5825575712,318815.65025654406,Senegal,2017,12436579.259999998
105.69600000000003,6609420.387918334,Seychelles,2015,22422957.020000085
0.6240000000000004,13038.56761631999,Seychelles,2016,23538.37999999999
883.3021116480002,1240591.7863197117,Seychelles,2017,5370863.90000001
2782.080000000011,14578539.40468545,Singapore,2014,418268005.1199988
32.83199999999996,3732646.5018815966,Singapore,2015,104812853.99999997
496.12800000000124,12488696.009791998,Singapore,2016,361333911.31999964
11.328000000000001,524015.377999872,Slovenia,2014,739881.9200000002
0.2880000000000001,50220.43404407998,Slovenia,2015,69992.76
4.464,147668.026561056,Slovenia,2016,213682.05000000002
5119.8008255999985,48837.453025535986,Slovenia,2017,74591.25
30.239999999999988,125582.70428620801,Solomon Islands,2014,589862.8800000001
0.43200000000000033,39271.95774792002,Solomon Islands,2015,166387.55000000002
6.527999999999993,133402.486870272,Solomon Islands,2016,418734.30999999994
37.152,1081319.99967792,South Africa,2014,62706323.69999993
6021.722413401598,1006414.7822400001,South Africa,2017,51436413.59999992
10843.487999999938,228690769.81329137,Spain,2014,28834641170.919884
990.5279999999998,61945741.02638884,Spain,2015,7595771106.900014
411.69599999999934,33712434.713716574,Spain,2016,4097117414.9399977
477286.814853956,6551991.51818402,Spain,2017,818483892.3999983
2.88,213102.827850816,Sri Lanka,2015,26121835.079999976
132.2879999999999,1086257.5258254714,Sri Lanka,2016,133495842.48000008
25882.11084672,335163.714259584,Sri Lanka,2017,39012889.44000002
59.849915999999915,1018967.7306544265,Suriname,1990,947993.76
72.42314100000006,2791122.83315712,Suriname,1991,3164480
122.27453700000001,4122442.721452357,Suriname,1992,6547978.74
112.89824699999996,3760220.527857526,Suriname,1993,4708714.5
50.04995100000008,3239908.482478712,Suriname,1994,4092813.01
110.3171579999999,3717170.4854688994,Suriname,1995,4689590.220000001
335.04727200000025,5031861.821726377,Suriname,1996,8672705.080000002
310.57425000420034,4458023.378828419,Suriname,1997,4433019.580000002
323.95250999999973,11158717.396145768,Suriname,1998,30194634.4
521.2292400000035,9524177.442283815,Suriname,1999,11949281.079999998
755.2940640000031,13161080.586880282,Suriname,2000,17502722.159999996
517.2314700000024,10242689.130932095,Suriname,2001,18746351.520000003
257.02903799999996,5964861.572670341,Suriname,2002,19232741.759999994
158.2045499999999,3207999.0991305644,Suriname,2003,11980758.27
57.66444599999992,2769846.547824726,Suriname,2004,9059637.6
246.91854600000053,3536794.0843628864,Suriname,2005,10955016.06
120.08366999999993,4807454.829985664,Suriname,2006,14437518.099999996
308.42573999999996,7918094.955841387,Suriname,2007,24369313.2
65.05262400000007,3730272.396911932,Suriname,2008,4892907.640000001
136.08000000000007,496508.421646776,Suriname,2013,1517291.4800000004
1221.1920000000016,14745915.007461064,Suriname,2014,42091204.560000025
186.47999999999996,2038699.742330161,Suriname,2015,7132716.900000004
87.27599999999998,2123734.76683032,Suriname,2016,7870528.400000008
4.416,446811.449859072,Sweden,2014,8945400
15.12,1107508.04573472,Sweden,2015,21431763.599999987
10.559999999999995,1096988.7844540803,Sweden,2016,21285884.39999998
11143.904934096001,109591.97358556799,Sweden,2017,1974181.5599999996
695.5200000000002,2872269.2769024014,Thailand,2014,767978798.8799986
13.296000000000003,1224829.5227085599,Thailand,2015,324779483.4099996
273.02400000000017,4267086.5441710055,Thailand,2016,1223430918.3200006
45293.69398175999,781900.0312804797,Thailand,2017,250881189.71999982
22.118399999999994,6689777.363756922,Tonga,2001,3370870.8
99.7839360000001,14276829.63862712,Tonga,2002,4292394.180000001
99.37756800000031,15963425.63360697,Tonga,2003,5053323.839999999
394.6728960000009,13481365.03758547,Tonga,2004,2380391.6399999997
0,11234802.985728186,Tonga,2005,2247580.92
0,7983687.667996655,Tonga,2006,1426006.89
0,7134302.567368803,Tonga,2007,2072864.7000000002
0,14746725.040496632,Tonga,2008,4372966.4
0,6920715.680726404,Tonga,2009,2125518
0,3997801.740110591,Tonga,2010,998191.6799999999
0,9308899.735103998,Tonga,2011,2470296
5953.329648000019,9822492.48511728,Tonga,2012,1693039.05
4.6080000000000005,93321.042843648,Tonga,2013,18617.84
121.75199998560011,1822137.9437064962,Tonga,2014,263641.55999999994
55.68000000000001,2525626.6976378867,Tonga,2015,437706.72000000003
6.384000000000001,1567251.906632928,Tonga,2016,281630.48000000004
42.48,814055.81007744,Tunisia,2014,18335805.60000001
1.44,103278.94780535999,Tunisia,2015,2166651.0000000005
13.392,188497.335978432,Tunisia,2016,4062351.419999999
10239.601651199999,42299.542047744006,Tunisia,2017,884108.3400000001
39.64800000000001,1147681.789599744,Turkey,2014,52723247.359999955
1.344,141877.707769728,Turkey,2015,8802395.699999996
20.832,422926.86712550395,Turkey,2016,20134241.400000013
25599.004128,151403.60405088,Turkey,2017,7970458.650000002
22.656000000000006,991312.9943070717,Ukraine,2014,36550441.59999999
0.19200000000000006,36408.358855968,Ukraine,2015,834105.1000000001
317.08800000000053,16721443.951645631,United Arab Emirates,2015,466666994.1599996
4.367999999999999,76073.873816304,United Arab Emirates,2016,2240865.6900000004
3091.557390768,3577704.647368992,United Arab Emirates,2017,108322003.08999997
24.287999999999993,3174924.0469034873,United Kingdom,2014,165275774.40000048
110.88000000000002,10684951.746099845,United Kingdom,2015,538271505.1999996
55.44000000000001,7718069.430197279,United Kingdom,2016,416764048.0499997
55719.52467048001,736320.0762676799,United Kingdom,2017,37521416.09999986
0.3840000000000003,14347.965245136,Uruguay,2013,27859.40000000001
3.2159999999999997,199094.590614528,Uruguay,2014,361396
60.479999999999976,351517.8616673281,Vanuatu,2014,998817.9199999999
0.4320000000000003,54832.69214904,Vanuatu,2015,192704.40000000002
6.527999999999999,185779.575109248,Vanuatu,2016,325035.4099999999
46.24200000000001,1285321.6247851555,Yemen,2015,35006283.54000002
0.5460000000000004,5007.876032796002,Yemen,2016,114782.15
386.4446738459996,235714.85313066727,Yemen,2017,4362766.539999997
